"Time (s)","Latitude (°)","Longitude (°)","Height (m)","Velocity (m/s)","Direction (°)","Horizontal Accuracy (m)","Vertical Accuracy (m)"
3.349557300E-2,6.501224400E1,2.547375040E1,9.833817960E0,NaN,NaN,1.000000000E2,9.975307465E1
5.861563020E-1,6.501251757E1,2.547134648E1,1.607211820E1,1.599999964E-1,2.063999939E2,9.999636650E0,9.892403603E0
1.850585312E0,6.501249699E1,2.547136059E1,1.536161673E1,2.800000012E-1,2.063999939E2,1.027018547E1,9.872147560E0
2.849737239E0,6.501248369E1,2.547135311E1,1.641105971E1,9.700000286E-1,2.031999969E2,8.899608612E0,9.184144974E0
3.849368749E0,6.501245248E1,2.547133425E1,1.479955896E1,1.100000024E0,2.033999939E2,7.601349354E0,8.119204521E0
4.848798124E0,6.501243682E1,2.547134201E1,1.584680664E1,1.240000010E0,2.086000061E2,7.701728821E0,8.455051422E0
5.849684686E0,6.501242943E1,2.547133019E1,1.451166456E1,1.289999962E0,2.116999969E2,6.711011410E0,7.514358521E0
6.849466768E0,6.501241641E1,2.547131642E1,1.409577496E1,1.190000057E0,2.205000000E2,5.903733253E0,6.723375797E0
7.849562602E0,6.501241247E1,2.547130934E1,1.351826131E1,1.230000019E0,2.143000031E2,6.133416176E0,7.095926285E0
8.849566352E0,6.501240377E1,2.547129539E1,1.267616156E1,1.169999957E0,2.156000061E2,5.657191277E0,6.617806435E0
9.849529841E0,6.501239227E1,2.547128524E1,1.279658756E1,1.240000010E0,2.103000031E2,4.965567589E0,5.738289833E0
1.084955635E1,6.501237894E1,2.547127575E1,1.325374526E1,1.250000000E0,2.091000061E2,4.696038246E0,5.368798733E0
1.184953922E1,6.501236516E1,2.547126810E1,1.341964349E1,1.210000038E0,2.106000061E2,4.224455357E0,4.671711445E0
1.284938364E1,6.501235254E1,2.547125675E1,1.324478174E1,1.120000005E0,2.088999939E2,3.937807560E0,4.208635330E0
1.384940260E1,6.501234107E1,2.547124432E1,1.314932622E1,1.169999957E0,2.076000061E2,3.790092468E0,3.739451885E0
1.484954062E1,6.501233023E1,2.547122580E1,1.279135783E1,1.250000000E0,2.096999969E2,3.797683716E0,4.031603336E0
1.584897140E1,6.501231837E1,2.547120766E1,1.224308223E1,1.259999990E0,2.111000061E2,3.790092468E0,3.839507818E0
1.684966364E1,6.501230769E1,2.547119252E1,1.246098071E1,1.210000038E0,2.113999939E2,3.790092468E0,3.684900761E0
1.784930275E1,6.501229656E1,2.547118017E1,1.294645769E1,1.179999948E0,2.123000031E2,3.790092468E0,3.775934458E0
1.884921025E1,6.501228634E1,2.547116542E1,1.312785700E1,1.169999957E0,2.131000061E2,3.790092468E0,3.482946396E0
1.984973744E1,6.501227706E1,2.547114794E1,1.289067667E1,1.210000038E0,2.151000061E2,3.790092468E0,3.258661747E0
2.084900989E1,6.501226611E1,2.547113258E1,1.336278666E1,1.200000048E0,2.168999939E2,3.790092468E0,3.349808931E0
2.184901030E1,6.501225638E1,2.547112006E1,1.314342911E1,1.149999976E0,2.143999939E2,3.790092468E0,3.390704870E0
2.284910525E1,6.501224434E1,2.547110752E1,1.353332537E1,1.200000048E0,2.106000061E2,3.790092468E0,3.180315256E0
2.384935562E1,6.501223232E1,2.547109352E1,1.384943001E1,1.220000029E0,2.118999939E2,3.790092468E0,3.070081949E0
2.484971103E1,6.501222303E1,2.547107979E1,1.365314350E1,1.169999957E0,2.138000031E2,3.790092468E0,2.807113409E0
2.584936036E1,6.501221469E1,2.547106601E1,1.364478387E1,1.149999976E0,2.153000031E2,3.790092468E0,2.678779125E0
2.684924108E1,6.501220480E1,2.547105057E1,1.382288711E1,1.190000057E0,2.135000000E2,3.790092468E0,2.604741096E0
2.784944421E1,6.501219383E1,2.547103607E1,1.387806602E1,1.169999957E0,2.175000000E2,3.790092468E0,2.553896427E0
2.884955530E1,6.501218197E1,2.547102282E1,1.415877027E1,1.169999957E0,2.171999969E2,3.790092468E0,2.500000000E0
2.984977176E1,6.501217157E1,2.547100915E1,1.422578984E1,1.139999986E0,2.168999939E2,3.790092468E0,2.500000000E0
3.084914843E1,6.501216111E1,2.547099495E1,1.405611507E1,1.230000019E0,2.121000061E2,3.790092468E0,2.500000000E0
3.184912931E1,6.501215104E1,2.547098002E1,1.397445280E1,1.210000038E0,2.118999939E2,3.790092468E0,2.500000000E0
3.284908264E1,6.501214133E1,2.547096477E1,1.379330306E1,1.240000010E0,2.120000000E2,3.790092468E0,2.500000000E0
3.384962744E1,6.501213280E1,2.547095071E1,1.346548548E1,1.250000000E0,2.095000000E2,3.790092468E0,2.869701147E0
3.484894447E1,6.501212590E1,2.547093601E1,1.324008422E1,1.169999957E0,2.106999969E2,3.790092468E0,2.784520149E0
3.584951270E1,6.501211727E1,2.547092118E1,1.330698098E1,1.200000048E0,2.088999939E2,3.790092468E0,2.676610708E0
3.684936223E1,6.501210868E1,2.547090447E1,1.272916323E1,1.240000010E0,2.145000000E2,3.790092468E0,2.633207560E0
3.784980441E1,6.501209976E1,2.547088906E1,1.246018360E1,1.230000019E0,2.121999969E2,3.790092468E0,3.124701262E0
3.884917936E1,6.501209108E1,2.547087479E1,1.247947299E1,1.220000029E0,2.136999969E2,3.790092468E0,3.045868158E0
3.984963743E1,6.501208277E1,2.547086003E1,1.244987305E1,1.220000029E0,2.148999939E2,3.790092468E0,2.886603832E0
4.084968217E1,6.501207372E1,2.547084672E1,1.226945562E1,1.220000029E0,2.105000000E2,3.790092468E0,2.792108774E0
4.184911592E1,6.501206450E1,2.547083323E1,1.204979264E1,1.230000019E0,2.101000061E2,3.790092468E0,3.117160082E0
4.284891853E1,6.501205824E1,2.547081849E1,1.247527005E1,1.159999967E0,2.076000061E2,3.790092468E0,3.417538643E0
4.384981540E1,6.501205232E1,2.547079945E1,1.169304439E1,1.159999967E0,2.130000000E2,3.790092468E0,3.917535782E0
4.484958998E1,6.501204513E1,2.547078208E1,1.174199609E1,1.149999976E0,2.138000031E2,3.914288282E0,4.286635876E0
4.584954212E1,6.501203766E1,2.547076752E1,1.233715171E1,1.149999976E0,2.121999969E2,3.811988354E0,4.082665920E0
4.684914457E1,6.501202978E1,2.547075105E1,1.218004904E1,1.159999967E0,2.131000061E2,3.806202412E0,3.904468775E0
4.784970306E1,6.501202341E1,2.547073332E1,1.273028214E1,1.139999986E0,2.145000000E2,3.793758392E0,3.609467983E0
4.884948373E1,6.501201673E1,2.547071546E1,1.317638938E1,1.190000057E0,2.118999939E2,3.790092468E0,3.504612684E0
4.984948483E1,6.501200946E1,2.547069811E1,1.363317802E1,1.289999962E0,2.098999939E2,3.790092468E0,3.711920738E0
5.084933680E1,6.501200308E1,2.547067766E1,1.339386016E1,1.309999943E0,2.113000031E2,3.790092468E0,3.484707355E0
5.184933139E1,6.501199537E1,2.547065803E1,1.365069764E1,1.340000033E0,2.123999939E2,3.790092468E0,3.374511480E0
5.284926910E1,6.501198764E1,2.547063701E1,1.406561608E1,1.370000005E0,2.136000061E2,3.847353458E0,3.626636982E0
5.384929462E1,6.501198378E1,2.547061446E1,1.376385815E1,1.299999952E0,2.143999939E2,3.843961954E0,3.529337883E0
5.484892545E1,6.501197637E1,2.547058964E1,1.420929379E1,1.370000005E0,2.111999969E2,3.989367723E0,3.617244482E0
5.584965795E1,6.501196531E1,2.547056563E1,1.465418155E1,1.450000048E0,2.058999939E2,4.184898853E0,3.638788462E0
5.684942482E1,6.501195388E1,2.547054462E1,1.385358626E1,1.419999957E0,2.113000031E2,4.322837353E0,3.919808865E0
5.784944081E1,6.501194349E1,2.547052534E1,1.503992918E1,1.379999995E0,2.131999969E2,4.320755959E0,3.874651432E0
5.884948420E1,6.501193548E1,2.547050588E1,1.534394697E1,1.350000024E0,2.138000031E2,4.133691788E0,3.458135366E0
5.984950878E1,6.501192901E1,2.547048565E1,1.553968775E1,1.320000052E0,2.135000000E2,4.041860104E0,3.196243763E0
6.084899493E1,6.501192307E1,2.547046905E1,1.606715465E1,1.289999962E0,2.118000031E2,3.932681084E0,2.955051899E0
6.184921920E1,6.501191978E1,2.547045256E1,1.539460836E1,1.210000038E0,2.093999939E2,3.790092468E0,2.655403852E0
6.284928274E1,6.501191421E1,2.547043286E1,1.524672090E1,1.240000010E0,2.108999939E2,3.790092468E0,2.683949947E0
6.384917263E1,6.501190736E1,2.547040897E1,1.427125796E1,1.250000000E0,2.131000061E2,3.790092468E0,2.614800215E0
6.484918774E1,6.501189919E1,2.547038646E1,1.451686495E1,1.259999990E0,2.115000000E2,3.790092468E0,2.545427084E0
6.584946185E1,6.501189133E1,2.547036329E1,1.401967392E1,1.250000000E0,2.138999939E2,3.790092468E0,2.520977259E0
6.684904425E1,6.501188225E1,2.547034234E1,1.389327208E1,1.250000000E0,2.140000000E2,3.790092468E0,2.500000000E0
6.784901148E1,6.501187171E1,2.547032416E1,1.419362881E1,1.259999990E0,2.101000061E2,3.790092468E0,2.571415901E0
6.884984070E1,6.501186160E1,2.547030588E1,1.437887306E1,1.259999990E0,2.098000031E2,3.790092468E0,2.542547464E0
6.984971227E1,6.501185309E1,2.547029105E1,1.429324293E1,1.009999990E0,2.135000000E2,3.955575466E0,2.869520664E0
7.084926315E1,6.501184074E1,2.547027554E1,1.564908149E1,1.179999948E0,2.163000031E2,3.797234297E0,2.615382910E0
7.184894773E1,6.501182969E1,2.547026145E1,1.546030295E1,1.139999986E0,2.116000061E2,3.790092468E0,2.500000000E0
7.284938669E1,6.501182063E1,2.547024369E1,1.574637692E1,1.120000005E0,2.108000031E2,3.790092468E0,2.500000000E0
7.384941497E1,6.501181000E1,2.547022435E1,1.602769063E1,1.169999957E0,2.101000061E2,3.790092468E0,2.500000000E0
7.484935466E1,6.501180199E1,2.547021166E1,1.442490958E1,1.169999957E0,2.068999939E2,3.790092468E0,2.500000000E0
7.584977966E1,6.501179764E1,2.547021073E1,1.196043363E1,1.129999995E0,1.918999939E2,3.790092468E0,2.500000000E0
7.684981211E1,6.501179199E1,2.547022116E1,1.087205759E1,1.100000024E0,1.676000061E2,3.790092468E0,2.500000000E0
7.784895632E1,6.501179206E1,2.547024518E1,8.966541673E0,1.149999976E0,1.508000031E2,3.790092468E0,2.500000000E0
7.884901617E1,6.501178960E1,2.547026992E1,8.745902249E0,1.149999976E0,1.450000000E2,3.790092468E0,2.500000000E0
7.984967836E1,6.501178468E1,2.547029989E1,8.535884242E0,1.190000057E0,1.418999939E2,3.790092468E0,2.500000000E0
8.084944455E1,6.501177779E1,2.547032644E1,7.453674359E0,1.190000057E0,1.426000061E2,3.790092468E0,2.500000000E0
8.184907549E1,6.501177033E1,2.547034990E1,7.155583128E0,1.220000029E0,1.383000031E2,3.790092468E0,2.500000000E0
8.284977304E1,6.501176330E1,2.547037388E1,6.966988841E0,1.210000038E0,1.341999969E2,3.790092468E0,2.500000000E0
8.384977164E1,6.501175263E1,2.547039831E1,6.758132293E0,1.350000024E0,1.361999969E2,3.790092468E0,2.500000000E0
8.484942262E1,6.501174203E1,2.547042184E1,6.991414327E0,1.389999986E0,1.378999939E2,3.790092468E0,2.500000000E0
8.584897528E1,6.501173262E1,2.547044360E1,6.399805649E0,1.309999943E0,1.355000000E2,3.790092468E0,2.500000000E0
8.684911512E1,6.501172502E1,2.547046653E1,6.543547929E0,1.350000024E0,1.323000031E2,3.790092468E0,2.500000000E0
8.784905663E1,6.501171703E1,2.547049142E1,6.360935513E0,1.399999976E0,1.328999939E2,3.790092468E0,2.500000000E0
8.884964841E1,6.501170941E1,2.547051750E1,6.273537883E0,1.370000005E0,1.303000031E2,3.790092468E0,2.500000000E0
8.984906038E1,6.501170417E1,2.547054453E1,6.674603773E0,1.350000024E0,1.254000015E2,3.790092468E0,2.500000000E0
9.084945398E1,6.501169896E1,2.547057212E1,6.702744885E0,1.350000024E0,1.236999969E2,3.790092468E0,2.500000000E0
9.184946267E1,6.501169247E1,2.547059925E1,6.808034888E0,1.370000005E0,1.255000000E2,3.790092468E0,2.500000000E0
9.284910767E1,6.501168550E1,2.547062500E1,6.722040796E0,1.379999995E0,1.260000000E2,3.790092468E0,2.500000000E0
9.384890075E1,6.501167802E1,2.547064949E1,6.979674739E0,1.379999995E0,1.275999985E2,3.790092468E0,2.500000000E0
9.484988512E1,6.501166998E1,2.547067272E1,6.249271696E0,1.379999995E0,1.298000031E2,3.790092468E0,2.500000000E0
9.584984496E1,6.501166349E1,2.547069509E1,6.453499353E0,1.340000033E0,1.315000000E2,3.790092468E0,2.500000000E0
9.684978741E1,6.501165995E1,2.547071215E1,5.177806087E0,8.500000238E-1,1.199000015E2,3.790092468E0,2.500000000E0
9.784980689E1,6.501165932E1,2.547073046E1,3.806896961E0,7.799999714E-1,8.959999847E1,4.008916855E0,2.881494045E0
9.884932934E1,6.501165550E1,2.547075200E1,4.102798353E0,1.129999995E0,1.088000031E2,3.821332455E0,2.688904047E0
9.984923632E1,6.501164725E1,2.547077615E1,4.060566839E0,1.259999990E0,1.218000031E2,4.095809460E0,3.017629623E0
1.008494578E2,6.501163900E1,2.547079949E1,4.477075503E0,1.240000010E0,1.249000015E2,4.101852417E0,2.985485077E0
1.018496299E2,6.501163025E1,2.547082291E1,3.933013073E0,1.240000010E0,1.266999969E2,4.107825756E0,2.964692116E0
1.028495555E2,6.501162060E1,2.547084336E1,3.963413666E0,1.200000048E0,1.245000000E2,3.790092468E0,2.655364513E0
1.038494587E2,6.501161058E1,2.547086432E1,4.209085431E0,1.230000019E0,1.245000000E2,3.790092468E0,2.563561201E0
1.048493571E2,6.501159948E1,2.547089002E1,4.965500123E0,1.330000043E0,1.241999969E2,3.790092468E0,2.500000000E0
1.058492625E2,6.501159001E1,2.547091774E1,5.054433870E0,1.279999971E0,1.244000015E2,3.790092468E0,2.500000000E0
1.068492089E2,6.501158146E1,2.547094322E1,5.734858811E0,1.230000019E0,1.205999985E2,3.836301327E0,3.097827435E0
1.078499004E2,6.501157431E1,2.547096381E1,5.595336590E0,1.210000038E0,1.224000015E2,3.929845572E0,3.185888052E0
1.088498386E2,6.501156725E1,2.547098700E1,6.099430240E0,1.230000019E0,1.229000015E2,4.055791855E0,3.282890797E0
1.098498082E2,6.501156093E1,2.547101211E1,6.191475403E0,1.159999967E0,1.209000015E2,4.014989853E0,3.202303410E0
1.108489058E2,6.501155493E1,2.547103505E1,5.959179472E0,1.210000038E0,1.205999985E2,3.931013107E0,3.088261843E0
1.118497822E2,6.501154880E1,2.547106093E1,5.851517586E0,1.220000029E0,1.186999969E2,3.908406496E0,3.053593874E0
1.128497174E2,6.501154430E1,2.547108688E1,6.221455184E0,1.220000029E0,1.191999969E2,3.790092468E0,2.898566246E0
1.138493483E2,6.501153892E1,2.547111034E1,6.448753781E0,1.230000019E0,1.236999969E2,3.790092468E0,2.809609413E0
1.148493072E2,6.501153465E1,2.547113287E1,6.572292127E0,1.190000057E0,1.228000031E2,3.790092468E0,2.647256136E0
1.158489700E2,6.501152950E1,2.547115446E1,6.661773123E0,1.220000029E0,1.238000031E2,3.790092468E0,2.509434938E0
1.168496412E2,6.501152248E1,2.547117791E1,7.154819410E0,1.220000029E0,1.291000061E2,3.790092468E0,2.669963360E0
1.178495536E2,6.501151333E1,2.547120026E1,7.936989962E0,1.230000019E0,1.298999939E2,4.351014137E0,3.890663385E0
1.188494980E2,6.501150541E1,2.547121404E1,8.609113062E0,9.700000286E-1,1.386999969E2,5.319852352E0,4.953645706E0
1.198496022E2,6.501149829E1,2.547123689E1,9.086473309E0,1.289999962E0,1.295000000E2,5.436578751E0,5.311810493E0
1.208494266E2,6.501149158E1,2.547125923E1,9.147512564E0,1.240000010E0,1.221999969E2,5.590884209E0,5.496368885E0
1.218490790E2,6.501148357E1,2.547128376E1,9.519221409E0,1.200000048E0,1.226999969E2,5.585331917E0,5.436131001E0
1.228496467E2,6.501147444E1,2.547130644E1,9.695007697E0,1.250000000E0,1.240000000E2,5.464701653E0,5.326990604E0
1.238495433E2,6.501146615E1,2.547132923E1,1.035089621E1,1.250000000E0,1.244000015E2,5.104027271E0,5.001645565E0
1.248495151E2,6.501145682E1,2.547135117E1,1.061439004E1,1.279999971E0,1.255999985E2,4.782300949E0,4.704367638E0
1.258494835E2,6.501144759E1,2.547137372E1,1.135700986E1,1.269999981E0,1.255999985E2,4.664703369E0,4.623721123E0
1.268494988E2,6.501143879E1,2.547139590E1,1.157008846E1,1.250000000E0,1.245000000E2,4.274777889E0,4.091892719E0
1.278492006E2,6.501142927E1,2.547141928E1,1.252797944E1,1.259999990E0,1.280000000E2,4.266429424E0,3.956886053E0
1.288490460E2,6.501142111E1,2.547143846E1,1.217929002E1,1.129999995E0,1.264000015E2,3.888205290E0,3.576932192E0
1.298491425E2,6.501141488E1,2.547145662E1,1.242935467E1,1.139999986E0,1.250999985E2,3.790092468E0,3.198832273E0
1.308490297E2,6.501141035E1,2.547147532E1,1.185220925E1,1.090000033E0,1.220000000E2,3.790092468E0,3.004140854E0
1.318489738E2,6.501140235E1,2.547150136E1,1.280308079E1,1.169999957E0,1.211999969E2,3.790092468E0,3.443515539E0
1.328497646E2,6.501139474E1,2.547152812E1,1.332518027E1,1.210000038E0,1.205999985E2,3.853268623E0,3.636328697E0
1.338495410E2,6.501138742E1,2.547155042E1,1.333458400E1,1.169999957E0,1.225999985E2,3.790092468E0,3.468474627E0
1.348496363E2,6.501138091E1,2.547157198E1,1.366124812E1,1.179999948E0,1.220999985E2,3.790092468E0,3.445315361E0
1.358491019E2,6.501137367E1,2.547159534E1,1.440801763E1,1.240000010E0,1.235999985E2,3.790092468E0,3.282313585E0
1.368490009E2,6.501136585E1,2.547161819E1,1.496899630E1,1.309999943E0,1.245999985E2,3.790092468E0,3.142966747E0
1.378497336E2,6.501135881E1,2.547164314E1,1.567920578E1,1.259999990E0,1.226999969E2,3.790092468E0,3.264816761E0
1.388496342E2,6.501135201E1,2.547167068E1,1.614020880E1,1.250000000E0,1.209000015E2,3.790092468E0,3.422269106E0
1.398495118E2,6.501134466E1,2.547169694E1,1.673616068E1,1.279999971E0,1.208000031E2,3.790092468E0,3.457868576E0
1.408497936E2,6.501133815E1,2.547172316E1,1.707143108E1,1.230000019E0,1.220000000E2,3.790092468E0,3.522151232E0
1.418491097E2,6.501133217E1,2.547174805E1,1.750209914E1,1.250000000E0,1.210000000E2,3.790092468E0,3.226685524E0
1.428495685E2,6.501132570E1,2.547177357E1,1.788558725E1,1.279999971E0,1.236999969E2,3.790092468E0,2.895384550E0
1.438494604E2,6.501131944E1,2.547179763E1,1.873898484E1,1.259999990E0,1.238000031E2,3.790092468E0,2.896636248E0
1.448493771E2,6.501131428E1,2.547182345E1,1.867514582E1,1.210000038E0,1.226999969E2,3.790092468E0,2.981979847E0
1.458490885E2,6.501130793E1,2.547184619E1,1.838199795E1,1.240000010E0,1.300000000E2,3.790092468E0,3.055883884E0
1.468489479E2,6.501130181E1,2.547186829E1,1.846427719E1,1.210000038E0,1.255999985E2,3.790092468E0,2.868338823E0
1.478498835E2,6.501129637E1,2.547189249E1,1.853727898E1,1.220000029E0,1.216999969E2,3.790092468E0,2.912425756E0
1.488490324E2,6.501129123E1,2.547192005E1,1.924638928E1,1.200000048E0,1.220000000E2,3.790092468E0,2.914518118E0
1.498489487E2,6.501128664E1,2.547194447E1,1.939751577E1,1.120000005E0,1.239000015E2,3.790092468E0,2.896064997E0
1.508498196E2,6.501128145E1,2.547196590E1,1.920739471E1,1.159999967E0,1.271999969E2,3.790092468E0,2.907489777E0
1.518493366E2,6.501127434E1,2.547198811E1,1.961828761E1,1.190000057E0,1.338000031E2,3.790092468E0,2.728718042E0
1.528495719E2,6.501126522E1,2.547200287E1,1.993488144E1,1.029999971E0,1.516000061E2,3.790092468E0,2.760646820E0
1.538495902E2,6.501125105E1,2.547200110E1,1.998401997E1,1.450000048E0,1.826999969E2,3.790092468E0,2.921296597E0
1.548497265E2,6.501123498E1,2.547199214E1,2.013734573E1,1.450000048E0,1.938999939E2,3.790092468E0,3.006182194E0
1.558494399E2,6.501121897E1,2.547198309E1,2.043733895E1,1.610000014E0,1.948999939E2,3.790092468E0,3.308197498E0
1.568495749E2,6.501120205E1,2.547197592E1,2.086910754E1,1.720000029E0,1.921999969E2,3.790092468E0,3.373182535E0
1.578496338E2,6.501118580E1,2.547196694E1,2.107919606E1,1.759999990E0,1.930000000E2,3.790092468E0,3.165355444E0
1.588497675E2,6.501117352E1,2.547195514E1,2.007492742E1,1.580000043E0,1.976000061E2,3.790092468E0,2.881612062E0
1.598496187E2,6.501116334E1,2.547194306E1,1.974393677E1,1.539999962E0,2.001999969E2,3.790092468E0,2.737403870E0
1.608493664E2,6.501115414E1,2.547193183E1,1.928880031E1,1.539999962E0,2.026999969E2,3.790092468E0,2.563312769E0
1.618490819E2,6.501114456E1,2.547191942E1,1.876286313E1,1.529999971E0,2.053999939E2,3.790092468E0,2.500000000E0
1.628497063E2,6.501113451E1,2.547190564E1,1.895134253E1,1.549999952E0,2.071000061E2,3.790092468E0,2.500000000E0
1.638496361E2,6.501112457E1,2.547189271E1,1.887859148E1,1.519999981E0,2.068000031E2,3.790092468E0,2.500000000E0
1.648494789E2,6.501111528E1,2.547187935E1,1.888146272E1,1.509999990E0,2.078999939E2,3.790092468E0,2.500000000E0
1.658493128E2,6.501110553E1,2.547186330E1,1.896190962E1,1.519999981E0,2.101999969E2,3.790092468E0,2.500000000E0
1.668490346E2,6.501109449E1,2.547184665E1,1.838116313E1,1.529999971E0,2.103999939E2,3.790092468E0,2.500000000E0
1.678490255E2,6.501108271E1,2.547183072E1,1.837713815E1,1.539999962E0,2.093000031E2,3.790092468E0,2.500000000E0
1.688490513E2,6.501107202E1,2.547181544E1,1.827478518E1,1.480000019E0,2.076000061E2,3.790092468E0,2.500000000E0
1.698490433E2,6.501106287E1,2.547179998E1,1.787018551E1,1.480000019E0,2.090000000E2,3.790092468E0,2.500000000E0
1.708489120E2,6.501105356E1,2.547178262E1,1.759009749E1,1.480000019E0,2.100000000E2,3.790092468E0,2.500000000E0
1.718498471E2,6.501104372E1,2.547176318E1,1.732600074E1,1.490000010E0,2.126999969E2,3.790092468E0,2.500000000E0
1.728497431E2,6.501103613E1,2.547174330E1,1.696406376E1,1.460000038E0,2.131999969E2,3.790092468E0,2.500000000E0
1.738496037E2,6.501102697E1,2.547172382E1,1.698811372E1,1.470000029E0,2.128999939E2,3.790092468E0,2.500000000E0
1.748496138E2,6.501101882E1,2.547170509E1,1.686641140E1,1.460000038E0,2.131000061E2,3.790092468E0,2.500000000E0
1.758495552E2,6.501101016E1,2.547168738E1,1.649330554E1,1.470000029E0,2.136000061E2,3.790092468E0,2.500000000E0
1.768493711E2,6.501100124E1,2.547167120E1,1.607460661E1,1.450000048E0,2.118000031E2,3.790092468E0,2.500000000E0
1.778493290E2,6.501099128E1,2.547165591E1,1.595833735E1,1.460000038E0,2.116999969E2,3.790092468E0,2.500000000E0
1.788491895E2,6.501098126E1,2.547164042E1,1.568142356E1,1.490000010E0,2.130000000E2,3.790092468E0,2.500000000E0
1.798490884E2,6.501097022E1,2.547162610E1,1.569198582E1,1.509999990E0,2.116999969E2,3.790092468E0,2.500000000E0
1.808489262E2,6.501095868E1,2.547161348E1,1.599576128E1,1.440000057E0,2.101999969E2,3.790092468E0,2.500000000E0
1.818498571E2,6.501094690E1,2.547160376E1,1.643100676E1,1.480000019E0,2.108999939E2,3.790092468E0,2.500000000E0
1.828493340E2,6.501093612E1,2.547159091E1,1.630063886E1,1.450000048E0,2.135000000E2,3.790092468E0,2.500000000E0
1.838498645E2,6.501092522E1,2.547157492E1,1.617564187E1,1.470000029E0,2.151000061E2,3.790092468E0,2.500000000E0
1.848497441E2,6.501091546E1,2.547155677E1,1.573533669E1,1.419999957E0,2.175000000E2,3.790092468E0,2.500000000E0
1.858495190E2,6.501090529E1,2.547153852E1,1.586217032E1,1.500000000E0,2.155000000E2,3.790092468E0,2.500000000E0
1.868490505E2,6.501089509E1,2.547152323E1,1.589128689E1,1.470000029E0,2.108000031E2,3.790092468E0,2.500000000E0
1.878497495E2,6.501088426E1,2.547150689E1,1.623235431E1,1.539999962E0,2.091999969E2,3.790092468E0,2.500000000E0
1.888490598E2,6.501087458E1,2.547149087E1,1.615826018E1,1.500000000E0,2.121000061E2,3.790092468E0,2.500000000E0
1.898498620E2,6.501086410E1,2.547147343E1,1.630285522E1,1.529999971E0,2.128999939E2,3.790092468E0,2.500000000E0
1.908493847E2,6.501085445E1,2.547145573E1,1.582324339E1,1.440000057E0,2.138999939E2,3.790092468E0,2.500000000E0
1.918491000E2,6.501084454E1,2.547143624E1,1.582696894E1,1.490000010E0,2.141000061E2,3.790092468E0,2.500000000E0
1.928494808E2,6.501083380E1,2.547141819E1,1.599671052E1,1.480000019E0,2.136999969E2,3.790092468E0,2.500000000E0
1.938489708E2,6.501082203E1,2.547140256E1,1.636786868E1,1.529999971E0,2.136999969E2,3.790092468E0,2.500000000E0
1.948496547E2,6.501081050E1,2.547138752E1,1.637544036E1,1.509999990E0,2.143999939E2,3.790092468E0,2.500000000E0
1.958494895E2,6.501079904E1,2.547137199E1,1.642225758E1,1.519999981E0,2.111999969E2,3.790092468E0,2.500000000E0
1.968494435E2,6.501078659E1,2.547135815E1,1.635164366E1,1.490000010E0,2.091999969E2,3.790092468E0,2.500000000E0
1.978492142E2,6.501077475E1,2.547134438E1,1.639577561E1,1.470000029E0,2.088999939E2,3.790092468E0,2.500000000E0
1.988491504E2,6.501076338E1,2.547132835E1,1.575191894E1,1.490000010E0,2.106000061E2,3.790092468E0,2.500000000E0
1.998490815E2,6.501075122E1,2.547131197E1,1.582284526E1,1.470000029E0,2.098000031E2,3.790092468E0,2.500000000E0
2.008489693E2,6.501073996E1,2.547129519E1,1.556912521E1,1.450000048E0,2.116000061E2,3.790092468E0,2.500000000E0
2.018490407E2,6.501072953E1,2.547127889E1,1.575229454E1,1.460000038E0,2.106000061E2,3.790092468E0,2.500000000E0
2.028488973E2,6.501071898E1,2.547126326E1,1.566983895E1,1.450000048E0,2.108000031E2,3.790092468E0,2.500000000E0
2.038489126E2,6.501070914E1,2.547124516E1,1.560074963E1,1.440000057E0,2.143999939E2,3.790092468E0,2.500000000E0
2.048497811E2,6.501069808E1,2.547122701E1,1.539262268E1,1.480000019E0,2.120000000E2,3.790092468E0,2.500000000E0
2.058497674E2,6.501068710E1,2.547121182E1,1.526292608E1,1.419999957E0,2.098000031E2,3.790092468E0,2.500000000E0
2.068498797E2,6.501067474E1,2.547119711E1,1.507439214E1,1.460000038E0,2.076999969E2,3.790092468E0,2.500000000E0
2.078498128E2,6.501066288E1,2.547118478E1,1.523333133E1,1.409999967E0,2.060000000E2,3.790092468E0,2.500000000E0
2.088497326E2,6.501065352E1,2.547116957E1,1.499743294E1,1.419999957E0,2.095000000E2,3.790092468E0,2.500000000E0
2.098497179E2,6.501064347E1,2.547115296E1,1.495251372E1,1.450000048E0,2.130000000E2,3.790092468E0,2.500000000E0
2.108496398E2,6.501063184E1,2.547113472E1,1.499829323E1,1.519999981E0,2.135000000E2,3.790092468E0,2.500000000E0
2.118504796E2,6.501061997E1,2.547111411E1,1.505231242E1,1.539999962E0,2.158000031E2,3.790092468E0,2.500000000E0
2.128503877E2,6.501060895E1,2.547109194E1,1.504712707E1,1.509999990E0,2.168999939E2,3.790092468E0,2.500000000E0
2.138502811E2,6.501059976E1,2.547106434E1,1.457557103E1,1.500000000E0,2.176000061E2,3.790092468E0,2.500000000E0
2.148501509E2,6.501058966E1,2.547104145E1,1.503638870E1,1.500000000E0,2.183999939E2,3.790092468E0,2.500000000E0
2.158500726E2,6.501058098E1,2.547101457E1,1.441316015E1,1.509999990E0,2.176999969E2,3.790092468E0,2.500000000E0
2.168499640E2,6.501057307E1,2.547098451E1,1.323005561E1,1.539999962E0,2.176999969E2,3.790092468E0,2.500000000E0
2.178507440E2,6.501056348E1,2.547095814E1,1.312025517E1,1.590000033E0,2.176999969E2,3.790092468E0,2.500000000E0
2.188506459E2,6.501055242E1,2.547093627E1,1.325282621E1,1.559999943E0,2.166999969E2,3.790092468E0,2.500000000E0
2.198499147E2,6.501054157E1,2.547091282E1,1.300453769E1,1.539999962E0,2.165000000E2,3.790092468E0,2.500000000E0
2.208500045E2,6.501053041E1,2.547089031E1,1.314132015E1,1.529999971E0,2.138000031E2,3.790092468E0,2.500000000E0
2.218503523E2,6.501051942E1,2.547087025E1,1.313082488E1,1.509999990E0,2.143999939E2,3.790092468E0,2.500000000E0
2.228499237E2,6.501050847E1,2.547085023E1,1.279318116E1,1.500000000E0,2.166000061E2,3.790092468E0,2.500000000E0
2.238502666E2,6.501049683E1,2.547082983E1,1.297165096E1,1.580000043E0,2.145000000E2,3.790092468E0,2.500000000E0
2.248502082E2,6.501048497E1,2.547081345E1,1.314627591E1,1.529999971E0,2.146999969E2,3.790092468E0,2.500000000E0
2.258499160E2,6.501047244E1,2.547079849E1,1.308066683E1,1.500000000E0,2.118999939E2,3.790092468E0,2.500000000E0
2.268500370E2,6.501046049E1,2.547078521E1,1.315678129E1,1.460000038E0,2.103999939E2,3.790092468E0,2.500000000E0
2.278499690E2,6.501044720E1,2.547077400E1,1.340867764E1,1.539999962E0,2.026000061E2,3.790092468E0,2.500000000E0
2.288501873E2,6.501043378E1,2.547076751E1,1.358135073E1,1.549999952E0,1.970000000E2,3.790092468E0,2.500000000E0
2.298500742E2,6.501042024E1,2.547076022E1,1.349834755E1,1.559999943E0,2.008999939E2,3.790092468E0,2.500000000E0
2.308503207E2,6.501040737E1,2.547074982E1,1.364532437E1,1.539999962E0,2.093000031E2,3.790092468E0,2.500000000E0
2.318502980E2,6.501039485E1,2.547073689E1,1.398089951E1,1.519999981E0,2.131000061E2,3.790092468E0,2.500000000E0
2.328501763E2,6.501038289E1,2.547072066E1,1.394019247E1,1.519999981E0,2.143000031E2,3.790092468E0,2.500000000E0
2.338500551E2,6.501037102E1,2.547070477E1,1.382844051E1,1.509999990E0,2.128999939E2,3.790092468E0,2.500000000E0
2.348499462E2,6.501035925E1,2.547068897E1,1.370594632E1,1.490000010E0,2.118000031E2,3.790092468E0,2.500000000E0
2.358507657E2,6.501034816E1,2.547067325E1,1.421876683E1,1.500000000E0,2.121999969E2,3.790092468E0,2.500000000E0
2.368505908E2,6.501033708E1,2.547065642E1,1.417171176E1,1.519999981E0,2.125000000E2,3.790092468E0,2.500000000E0
2.378504940E2,6.501032559E1,2.547063922E1,1.404738632E1,1.529999971E0,2.120000000E2,3.790092468E0,2.500000000E0
2.388505189E2,6.501031343E1,2.547062329E1,1.415450653E1,1.519999981E0,2.110000000E2,3.790092468E0,2.500000000E0
2.398503723E2,6.501030182E1,2.547060745E1,1.416317683E1,1.480000019E0,2.111000061E2,3.790092468E0,2.500000000E0
2.408505887E2,6.501029039E1,2.547059079E1,1.435623422E1,1.509999990E0,2.128000031E2,3.790092468E0,2.500000000E0
2.418505391E2,6.501027894E1,2.547057441E1,1.452866175E1,1.519999981E0,2.123999939E2,3.790092468E0,2.500000000E0
2.428508617E2,6.501026643E1,2.547055873E1,1.442283045E1,1.559999943E0,2.101999969E2,3.790092468E0,2.500000000E0
2.438503609E2,6.501025373E1,2.547054635E1,1.471146967E1,1.539999962E0,2.086999969E2,3.790092468E0,2.500000000E0
2.448498746E2,6.501024116E1,2.547053634E1,1.485508947E1,1.529999971E0,2.076000061E2,3.790092468E0,2.500000000E0
2.458502396E2,6.501022833E1,2.547052559E1,1.516033041E1,1.519999981E0,2.100000000E2,3.790092468E0,2.500000000E0
2.468505605E2,6.501021563E1,2.547051362E1,1.518450433E1,1.539999962E0,2.095000000E2,3.790092468E0,2.500000000E0
2.478508566E2,6.501020208E1,2.547050402E1,1.550500441E1,1.539999962E0,2.073999939E2,3.790092468E0,2.500000000E0
2.488506392E2,6.501018800E1,2.547049318E1,1.552789719E1,1.580000043E0,2.080000000E2,3.790092468E0,2.500000000E0
2.498505594E2,6.501017292E1,2.547047824E1,1.462140774E1,1.600000024E0,2.085000000E2,3.790092468E0,2.500000000E0
2.508504680E2,6.501015756E1,2.547045895E1,1.347279163E1,1.649999976E0,2.095000000E2,3.790092468E0,2.500000000E0
2.518505395E2,6.501014272E1,2.547043918E1,1.272987598E1,1.620000005E0,2.088000031E2,3.790092468E0,2.500000000E0
2.528504952E2,6.501012888E1,2.547042088E1,1.208479941E1,1.600000024E0,2.058999939E2,3.790092468E0,2.500000000E0
2.538503717E2,6.501011590E1,2.547040174E1,1.140731278E1,1.590000033E0,2.068000031E2,3.790092468E0,2.500000000E0
2.548505900E2,6.501010282E1,2.547037943E1,1.100668144E1,1.590000033E0,2.083999939E2,3.790092468E0,2.500000000E0
2.558506588E2,6.501009000E1,2.547035869E1,1.109213410E1,1.590000033E0,2.078000031E2,3.790092468E0,2.500000000E0
2.568506159E2,6.501007726E1,2.547033718E1,1.058615601E1,1.570000052E0,2.100000000E2,3.790092468E0,2.500000000E0
2.578508133E2,6.501006549E1,2.547031516E1,1.016898367E1,1.600000024E0,2.121000061E2,3.790092468E0,2.500000000E0
2.588499628E2,6.501005288E1,2.547029132E1,9.772258307E0,1.690000057E0,2.111999969E2,3.790092468E0,2.500000000E0
2.598499452E2,6.501004000E1,2.547026871E1,9.530684494E0,1.600000024E0,2.121000061E2,3.790092468E0,2.500000000E0
2.608508073E2,6.501002711E1,2.547024640E1,9.052477405E0,1.600000024E0,2.118000031E2,3.790092468E0,2.500000000E0
2.618504358E2,6.501001361E1,2.547022350E1,9.127920410E0,1.679999948E0,2.128000031E2,3.790092468E0,2.500000000E0
2.628503527E2,6.501000003E1,2.547020086E1,8.928583191E0,1.610000014E0,2.133000031E2,3.790092468E0,2.500000000E0
2.638506387E2,6.500998723E1,2.547017804E1,8.749265194E0,1.600000024E0,2.143999939E2,3.790092468E0,2.500000000E0
2.648504170E2,6.500997452E1,2.547015620E1,9.223389614E0,1.629999995E0,2.153000031E2,3.790092468E0,2.500000000E0
2.658500582E2,6.500996148E1,2.547013744E1,9.612309293E0,1.590000033E0,2.128999939E2,3.790092468E0,2.500000000E0
2.668505229E2,6.500994755E1,2.547011783E1,9.340218509E0,1.639999986E0,2.120000000E2,3.790092468E0,2.500000000E0
2.678499020E2,6.500993378E1,2.547009766E1,9.090527529E0,1.629999995E0,2.118000031E2,3.790092468E0,2.500000000E0
2.688507309E2,6.500992050E1,2.547007630E1,9.151077982E0,1.629999995E0,2.138000031E2,3.790092468E0,2.500000000E0
2.698506906E2,6.500990796E1,2.547005554E1,9.448749777E0,1.649999976E0,2.138000031E2,3.790092468E0,2.500000000E0
2.708505272E2,6.500989521E1,2.547003621E1,9.691307004E0,1.590000033E0,2.126000061E2,3.790092468E0,2.543179512E0
2.718501978E2,6.500988247E1,2.547001771E1,9.712489772E0,1.590000033E0,2.115000000E2,3.790092468E0,2.500000000E0
2.728500611E2,6.500986979E1,2.546999970E1,9.828521185E0,1.590000033E0,2.128000031E2,3.790092468E0,2.580202818E0
2.738502874E2,6.500985777E1,2.546998336E1,9.662509004E0,1.610000014E0,2.120000000E2,3.790092468E0,2.683637381E0
2.748507525E2,6.500984620E1,2.546996805E1,9.856726216E0,1.559999943E0,2.110000000E2,3.806021214E0,2.893402815E0
2.758500207E2,6.500983430E1,2.546995181E1,9.853616830E0,1.570000052E0,2.121999969E2,3.790092468E0,2.701752663E0
2.768508109E2,6.500982289E1,2.546993571E1,9.803815373E0,1.580000043E0,2.136000061E2,3.790092468E0,2.777901649E0
2.778503999E2,6.500981100E1,2.546991860E1,1.016355993E1,1.610000014E0,2.133000031E2,3.858234167E0,3.003727674E0
2.788501660E2,6.500979973E1,2.546990236E1,1.026579698E1,1.580000043E0,2.125000000E2,3.790092468E0,2.714243412E0
2.798500529E2,6.500978935E1,2.546988582E1,1.031371239E1,1.519999981E0,2.136000061E2,3.790092468E0,2.522936106E0
2.808507784E2,6.500977887E1,2.546986905E1,1.053289247E1,1.529999971E0,2.110000000E2,3.790092468E0,2.500000000E0
2.818507746E2,6.500976758E1,2.546985330E1,1.062151873E1,1.559999943E0,2.110000000E2,3.790092468E0,2.500000000E0
2.828507201E2,6.500975615E1,2.546983608E1,1.079736418E1,1.509999990E0,2.135000000E2,3.790092468E0,2.500000000E0
2.838506934E2,6.500974652E1,2.546981418E1,1.037414856E1,1.509999990E0,2.183000031E2,3.790092468E0,2.500000000E0
2.848506403E2,6.500973660E1,2.546979301E1,1.047327198E1,1.500000000E0,2.178999939E2,3.790092468E0,2.500000000E0
2.858506406E2,6.500972795E1,2.546976742E1,9.704413652E0,1.539999962E0,2.143999939E2,3.790092468E0,2.500000000E0
2.868506681E2,6.500971748E1,2.546974298E1,9.624459904E0,1.669999957E0,2.141999969E2,3.790092468E0,2.500000000E0
2.878505558E2,6.500970814E1,2.546971544E1,9.014171044E0,1.580000043E0,2.133999939E2,3.790092468E0,2.500000000E0
2.888507940E2,6.500969914E1,2.546969007E1,8.992993531E0,1.490000010E0,2.148000031E2,3.790092468E0,2.500000000E0
2.898499357E2,6.500969020E1,2.546966715E1,8.943984132E0,1.440000057E0,2.171999969E2,3.790092468E0,2.500000000E0
2.908501371E2,6.500968145E1,2.546964283E1,8.517227983E0,1.450000048E0,2.183999939E2,3.790092468E0,2.500000000E0
2.918502901E2,6.500967218E1,2.546962022E1,9.097735333E0,1.549999952E0,2.108999939E2,3.790092468E0,2.500000000E0
2.928508524E2,6.500966353E1,2.546959781E1,9.212239043E0,1.470000029E0,2.233999939E2,3.790092468E0,2.500000000E0
2.938503273E2,6.500965687E1,2.546956922E1,9.136922240E0,1.549999952E0,2.291999969E2,3.790092468E0,2.500000000E0
2.948500011E2,6.500964931E1,2.546954192E1,9.543783601E0,1.580000043E0,2.290000000E2,3.790092468E0,2.500000000E0
2.958506240E2,6.500964178E1,2.546951519E1,9.593650361E0,1.519999981E0,2.301999969E2,3.790092468E0,2.500000000E0
2.968499983E2,6.500963370E1,2.546948829E1,9.260277573E0,1.610000014E0,2.311999969E2,3.790092468E0,2.500000000E0
2.978503322E2,6.500962763E1,2.546945545E1,9.574974906E0,1.720000029E0,2.470000000E2,3.790092468E0,2.500000000E0
2.988502518E2,6.500962769E1,2.546941679E1,9.426290605E0,1.720000029E0,2.682999878E2,3.790092468E0,2.500000000E0
2.998504667E2,6.500963039E1,2.546936748E1,8.502641197E0,2.210000038E0,2.705000000E2,3.790092468E0,2.500000000E0
3.008505733E2,6.500962354E1,2.546929782E1,7.874282116E0,3.049999952E0,2.521999969E2,3.790092468E0,2.500000000E0
3.018500861E2,6.500960770E1,2.546923172E1,8.041580994E0,3.099999905E0,2.418000031E2,3.790092468E0,2.652029276E0
3.028499493E2,6.500959327E1,2.546916908E1,8.029253108E0,3.059999943E0,2.436000061E2,3.790092468E0,2.786276102E0
3.038498988E2,6.500958215E1,2.546910135E1,7.852311802E0,3.150000095E0,2.481000061E2,3.790092468E0,2.812500477E0
3.048508611E2,6.500957387E1,2.546903280E1,7.780105689E0,3.089999914E0,2.506000061E2,3.790092468E0,2.821482182E0
3.058500239E2,6.500956635E1,2.546896104E1,7.296827292E0,3.190000057E0,2.526999969E2,3.790092468E0,2.795256615E0
3.068506979E2,6.500956084E1,2.546888868E1,7.293955805E0,3.160000086E0,2.546999969E2,3.790092468E0,2.710683107E0
3.078506369E2,6.500955624E1,2.546881680E1,7.336311056E0,3.220000029E0,2.561000061E2,3.790092468E0,2.542334080E0
3.088506750E2,6.500955499E1,2.546874706E1,6.134951799E0,3.170000076E0,2.586000061E2,3.790092468E0,2.500000000E0
3.098505333E2,6.500955483E1,2.546867591E1,5.244566152E0,3.160000086E0,2.618999939E2,3.790092468E0,2.500000000E0
3.108505560E2,6.500955663E1,2.546860514E1,4.315117285E0,3.109999895E0,2.632000122E2,3.790092468E0,2.500000000E0
3.118505468E2,6.500955949E1,2.546853206E1,3.434495982E0,3.180000067E0,2.648999939E2,3.790092468E0,2.500000000E0
3.128506145E2,6.500956057E1,2.546846005E1,3.441387636E0,3.210000038E0,2.642999878E2,3.790092468E0,2.500000000E0
3.138506989E2,6.500955987E1,2.546838956E1,3.464698529E0,3.140000105E0,2.653999939E2,3.790092468E0,2.500000000E0
3.148499330E2,6.500956102E1,2.546832052E1,3.464449245E0,3.130000114E0,2.692000122E2,3.790092468E0,2.500000000E0
3.158499132E2,6.500956165E1,2.546825239E1,3.276028835E0,3.099999905E0,2.717999878E2,3.790092468E0,2.500000000E0
3.168508435E2,6.500956449E1,2.546818276E1,3.049643613E0,3.150000095E0,2.747000122E2,3.790092468E0,2.500000000E0
3.178507977E2,6.500956827E1,2.546811175E1,2.847488896E0,3.210000038E0,2.762999878E2,3.790092468E0,2.500000000E0
3.188499836E2,6.500957077E1,2.546803848E1,2.557504922E0,3.299999952E0,2.747999878E2,3.790092468E0,2.500000000E0
3.198507919E2,6.500957255E1,2.546796583E1,2.030460717E0,3.299999952E0,2.742000122E2,3.790092468E0,2.500000000E0
3.208499382E2,6.500957283E1,2.546788997E1,1.951720089E0,3.390000105E0,2.708999939E2,3.790092468E0,2.500000000E0
3.218498892E2,6.500956899E1,2.546781111E1,2.209955925E0,3.400000095E0,2.660000000E2,3.790092468E0,2.500000000E0
3.228507957E2,6.500956486E1,2.546773431E1,2.325735957E0,3.369999886E0,2.663999939E2,3.790092468E0,2.500000000E0
3.238498969E2,6.500956059E1,2.546765846E1,2.155017086E0,3.309999943E0,2.632999878E2,3.790092468E0,2.500000000E0
3.248505835E2,6.500955502E1,2.546758417E1,2.350631824E0,3.299999952E0,2.617999878E2,3.790092468E0,2.500000000E0
3.258501532E2,6.500954717E1,2.546750932E1,2.484846029E0,3.250000000E0,2.588999939E2,3.790092468E0,2.500000000E0
3.268499151E2,6.500953775E1,2.546743450E1,2.544048629E0,3.269999981E0,2.577999878E2,3.790092468E0,2.500000000E0
3.278507186E2,6.500952917E1,2.546736151E1,2.649759823E0,3.289999962E0,2.565000000E2,3.790092468E0,2.500000000E0
3.288503160E2,6.500952044E1,2.546729293E1,2.794411805E0,3.150000095E0,2.548000031E2,3.790092468E0,2.500000000E0
3.298508656E2,6.500951211E1,2.546722620E1,2.804115031E0,3.170000076E0,2.535000000E2,3.790092468E0,2.500000000E0
3.308507685E2,6.500950196E1,2.546715895E1,2.671851145E0,3.230000019E0,2.505000000E2,3.790092468E0,2.500000000E0
3.318505063E2,6.500949144E1,2.546709385E1,3.023962547E0,3.130000114E0,2.500000000E2,3.790092468E0,2.500000000E0
3.328504307E2,6.500948673E1,2.546703820E1,3.307041612E0,2.569999933E0,2.621000061E2,3.790092468E0,2.500000000E0
3.338499913E2,6.500949324E1,2.546698773E1,3.334867720E0,2.430000067E0,2.868999939E2,3.790092468E0,2.500000000E0
3.348499173E2,6.500950915E1,2.546695697E1,3.245076831E0,2.069999933E0,3.187000122E2,3.790092468E0,2.500000000E0
3.358504196E2,6.500953413E1,2.546695151E1,3.132396014E0,2.549999952E0,3.535000000E2,3.790092468E0,2.500000000E0
3.368503548E2,6.500956352E1,2.546696969E1,2.878113560E0,3.079999924E0,1.200000000E1,3.790092468E0,2.500000000E0
3.378502665E2,6.500959466E1,2.546699552E1,2.810415433E0,3.339999914E0,1.700000000E1,3.790092468E0,2.500000000E0
3.388502237E2,6.500961976E1,2.546703725E1,3.086897946E0,3.250000000E0,2.950000000E1,3.790092468E0,2.500000000E0
3.398500200E2,6.500964393E1,2.546708233E1,3.318337098E0,3.230000019E0,3.379999924E1,3.790092468E0,2.510472536E0
3.408508306E2,6.500966589E1,2.546712567E1,3.630892701E0,3.109999895E0,3.220000076E1,3.790092468E0,2.500000000E0
3.418508901E2,6.500969008E1,2.546716717E1,3.799648500E0,3.220000029E0,3.170000076E1,3.790092468E0,2.500000000E0
3.428499457E2,6.500971440E1,2.546720808E1,4.036458410E0,3.240000010E0,3.250000000E1,3.790092468E0,2.500000000E0
3.438499332E2,6.500974058E1,2.546724603E1,4.172498366E0,3.259999990E0,3.120000076E1,3.790092468E0,2.500000000E0
3.448501050E2,6.500976551E1,2.546728014E1,4.228338343E0,3.119999886E0,3.100000000E1,3.790092468E0,2.500000000E0
3.458502799E2,6.500979014E1,2.546731551E1,4.447386531E0,3.150000095E0,3.120000076E1,3.790092468E0,2.500000000E0
3.468500734E2,6.500981371E1,2.546735515E1,4.892936881E0,3.140000105E0,3.209999847E1,3.790092468E0,2.500000000E0
3.478500453E2,6.500983798E1,2.546739445E1,5.119309696E0,3.150000095E0,3.340000153E1,3.790092468E0,2.500000000E0
3.488500102E2,6.500986200E1,2.546743203E1,5.119547237E0,3.180000067E0,3.220000076E1,3.790092468E0,2.500000000E0
3.498499942E2,6.500988578E1,2.546747133E1,5.763339676E0,3.089999914E0,3.300000000E1,3.790092468E0,2.500000000E0
3.508506168E2,6.500990896E1,2.546750855E1,5.605923708E0,3.130000114E0,3.279999924E1,3.790092468E0,2.500000000E0
3.518508831E2,6.500993196E1,2.546754618E1,6.064291529E0,3.099999905E0,3.340000153E1,3.790092468E0,2.500000000E0
3.528500506E2,6.500995420E1,2.546758151E1,5.824661437E0,3.059999943E0,3.209999847E1,3.790092468E0,2.500000000E0
3.538508679E2,6.500997654E1,2.546761594E1,6.000314449E0,3.049999952E0,3.179999924E1,3.790092468E0,2.500000000E0
3.548503692E2,6.500999928E1,2.546765100E1,5.452944893E0,3.099999905E0,3.270000076E1,3.790092468E0,2.500000000E0
3.558502756E2,6.501002155E1,2.546768617E1,5.382504236E0,3.059999943E0,3.259999847E1,3.790092468E0,2.500000000E0
3.568500777E2,6.501004474E1,2.546771853E1,5.142690478E0,3.140000105E0,3.170000076E1,3.790092468E0,2.500000000E0
3.578504144E2,6.501006827E1,2.546775113E1,5.222822897E0,3.089999914E0,3.089999962E1,3.790092468E0,2.500000000E0
3.588504596E2,6.501009172E1,2.546778521E1,5.472205938E0,3.059999943E0,3.170000076E1,3.790092468E0,2.500000000E0
3.598505648E2,6.501011609E1,2.546782098E1,6.116181030E0,3.119999886E0,3.170000076E1,3.790092468E0,2.500000000E0
3.608503324E2,6.501014110E1,2.546785652E1,6.709923930E0,3.039999962E0,3.079999924E1,3.790092468E0,2.500000000E0
3.618505480E2,6.501016670E1,2.546789184E1,7.257524014E0,3.089999914E0,3.050000000E1,3.790092468E0,2.500000000E0
3.628501105E2,6.501019173E1,2.546792790E1,7.626779640E0,3.079999924E0,3.129999924E1,3.790092468E0,2.582349539E0
3.638499418E2,6.501021810E1,2.546796488E1,8.259340485E0,3.079999924E0,3.429999924E1,3.790092468E0,2.538332462E0
3.648503832E2,6.501024188E1,2.546800918E1,8.322566884E0,3.099999905E0,4.170000076E1,3.790092468E0,2.500000000E0
3.658504239E2,6.501026471E1,2.546805070E1,8.555715331E0,3.109999895E0,3.959999847E1,3.790092468E0,2.500000000E0
3.668505835E2,6.501028738E1,2.546808472E1,8.602278852E0,3.000000000E0,3.509999847E1,3.790092468E0,2.500000000E0
3.678504783E2,6.501031022E1,2.546811672E1,8.212013558E0,3.099999905E0,3.300000000E1,3.790092468E0,2.500000000E0
3.688505484E2,6.501033321E1,2.546814937E1,8.673310753E0,3.089999914E0,3.309999847E1,3.790092468E0,2.500000000E0
3.698505472E2,6.501035461E1,2.546817825E1,7.654261615E0,3.109999895E0,3.309999847E1,3.790092468E0,2.500000000E0
3.708505843E2,6.501037600E1,2.546820770E1,6.831318479E0,3.079999924E0,3.250000000E1,3.790092468E0,2.628848076E0
3.718505247E2,6.501039750E1,2.546823927E1,6.468824666E0,3.039999962E0,3.259999847E1,3.790092468E0,2.756700516E0
3.728507661E2,6.501042018E1,2.546826940E1,6.655341537E0,3.069999933E0,2.920000076E1,3.891265392E0,2.854117870E0
3.738508437E2,6.501044402E1,2.546829884E1,6.584350594E0,3.019999981E0,2.750000000E1,3.963978767E0,2.778066158E0
3.748502410E2,6.501046748E1,2.546833306E1,6.690972432E0,3.069999933E0,3.079999924E1,4.277522564E0,2.939106226E0
3.758506707E2,6.501048898E1,2.546837333E1,6.729846412E0,3.079999924E0,3.359999847E1,4.751317024E0,3.044885635E0
3.768506643E2,6.501050864E1,2.546841981E1,7.353804530E0,3.079999924E0,3.729999924E1,5.547344685E0,3.228697538E0
3.778503138E2,6.501053371E1,2.546844391E1,8.190405529E0,3.000000000E0,3.370000076E1,5.223610878E0,4.086284637E0
3.788506281E2,6.501056475E1,2.546845400E1,9.119837762E0,3.130000114E0,2.560000038E1,6.053831577E0,5.142592430E0
3.798506036E2,6.501059989E1,2.546844552E1,1.140491901E1,3.009999990E0,2.070000076E1,5.858080864E0,5.519895077E0
3.808506824E2,6.501062975E1,2.546845261E1,9.882813397E0,3.099999905E0,2.020000076E1,6.135457516E0,6.006511211E0
3.818508658E2,6.501064572E1,2.546845863E1,8.385798453E0,1.679999948E0,2.770000076E1,6.113471985E0,6.311969757E0
3.828501407E2,6.501066138E1,2.546846578E1,8.628224623E0,1.740000010E0,3.429999924E1,5.765919685E0,6.267647743E0
3.838501429E2,6.501068467E1,2.546847635E1,8.720379569E0,2.230000019E0,2.960000038E1,5.881959438E0,6.366089821E0
3.848504036E2,6.501070256E1,2.546848504E1,8.614416325E0,1.330000043E0,3.629999924E1,5.678996563E0,6.718492985E0
3.858502431E2,6.501072373E1,2.546851253E1,9.264739753E0,2.410000086E0,4.270000076E1,6.046953678E0,6.701748371E0
3.868503311E2,6.501074924E1,2.546855451E1,8.900108918E0,2.910000086E0,4.129999924E1,6.805386543E0,6.562088013E0
3.878499843E2,6.501077583E1,2.546860672E1,8.364213733E0,3.170000076E0,4.209999847E1,8.226996422E0,6.412414551E0
3.888502678E2,6.501080335E1,2.546866212E1,8.283396542E0,3.339999914E0,4.209999847E1,9.912699699E0,6.354792118E0
3.898500286E2,6.501083319E1,2.546872522E1,8.587588769E0,3.619999886E0,4.209999847E1,1.184030056E1,6.481758118E0
3.908500045E2,6.501085767E1,2.546878395E1,8.645322775E0,3.349999905E0,4.159999847E1,8.516172409E0,6.171683788E0
3.918499251E2,6.501088270E1,2.546884499E1,9.113457126E0,3.430000067E0,3.929999924E1,7.746693611E0,5.959279060E0
3.928499689E2,6.501090875E1,2.546889628E1,9.833970786E0,3.400000095E0,3.679999924E1,7.225933552E0,5.602366924E0
3.938505705E2,6.501093141E1,2.546894613E1,9.959820112E0,3.309999943E0,3.679999924E1,6.590293407E0,5.345746040E0
3.948504969E2,6.501094999E1,2.546899368E1,1.058499944E1,2.869999886E0,3.270000076E1,5.707880497E0,4.896940231E0
3.958507586E2,6.501096913E1,2.546903423E1,1.083365220E1,2.700000048E0,3.110000038E1,5.310179234E0,4.618655682E0
3.968504433E2,6.501098648E1,2.546908078E1,1.072799698E1,2.680000067E0,3.450000000E1,5.155703545E0,4.408288479E0
3.978506388E2,6.501099339E1,2.546915051E1,1.088144157E1,2.670000076E0,5.179999924E1,4.022595406E0,4.131997108E0
3.988508076E2,6.501099555E1,2.546921309E1,1.121762673E1,2.250000000E0,6.400000000E1,3.924663067E0,3.747975349E0
3.998507567E2,6.501099482E1,2.546927043E1,1.142209876E1,2.200000048E0,7.219999695E1,3.957990170E0,3.268593550E0
4.008506128E2,6.501097593E1,2.546934128E1,1.105882960E1,2.960000038E0,1.071999969E2,3.790092468E0,2.798669577E0
4.018500434E2,6.501094573E1,2.546940154E1,1.048621342E1,2.940000057E0,1.216999969E2,3.790092468E0,2.767179489E0
4.028506532E2,6.501091644E1,2.546945606E1,1.027022492E1,3.000000000E0,1.251999969E2,3.790092468E0,2.601253510E0
4.038508573E2,6.501089146E1,2.546951092E1,1.017349749E1,3.039999962E0,1.263000031E2,3.790092468E0,2.500000000E0
4.048499748E2,6.501086800E1,2.546956630E1,1.027855174E1,3.099999905E0,1.265000000E2,3.790092468E0,2.500000000E0
4.058499695E2,6.501084619E1,2.546962619E1,1.011718722E1,3.170000076E0,1.251999969E2,3.791448832E0,2.500000000E0
4.068504058E2,6.501082803E1,2.546968321E1,1.033069904E1,3.109999895E0,1.226999969E2,3.945375443E0,2.500000000E0
4.078508415E2,6.501080792E1,2.546974416E1,9.774436485E0,3.190000057E0,1.228000031E2,4.074655056E0,2.500000000E0
4.088503748E2,6.501078811E1,2.546980614E1,9.481357477E0,3.230000019E0,1.239000015E2,4.238186359E0,2.500000000E0
4.098506992E2,6.501076779E1,2.546985459E1,1.074052382E1,2.950000048E0,1.245999985E2,3.790092468E0,3.196083546E0
4.108507547E2,6.501074771E1,2.546991203E1,1.232946364E1,3.049999952E0,1.241999969E2,3.814323187E0,3.841191292E0
4.118503229E2,6.501073015E1,2.546997109E1,1.235956472E1,3.049999952E0,1.238000031E2,4.343897820E0,4.338933945E0
4.128502865E2,6.501071482E1,2.547003063E1,1.227095161E1,3.049999952E0,1.225000000E2,4.922485828E0,4.440056324E0
4.138502995E2,6.501069702E1,2.547008744E1,1.238869911E1,3.089999914E0,1.254000015E2,4.337316990E0,4.350238323E0
4.148500990E2,6.501067837E1,2.547014491E1,1.245584883E1,3.140000105E0,1.278000031E2,4.285179138E0,4.218568325E0
4.158500400E2,6.501066163E1,2.547020347E1,1.240184311E1,3.130000114E0,1.250000000E2,4.279638290E0,4.058482647E0
4.168500443E2,6.501064685E1,2.547026234E1,1.249163550E1,3.109999895E0,1.241999969E2,4.343157768E0,3.949469090E0
4.178502675E2,6.501063818E1,2.547029522E1,1.445624067E1,2.769999981E0,1.310000000E2,4.533952713E0,4.908523083E0
4.188500843E2,6.501062437E1,2.547033664E1,1.458167601E1,2.890000105E0,1.341000061E2,4.918177605E0,5.300737381E0
4.198507237E2,6.501061885E1,2.547038081E1,1.550160303E1,2.640000105E0,1.285000000E2,4.877407074E0,5.766166210E0
4.208507324E2,6.501061359E1,2.547042975E1,1.720943311E1,2.740000010E0,1.285000000E2,5.568439007E0,6.626702785E0
4.218501983E2,6.501060522E1,2.547047877E1,1.922622434E1,2.759999990E0,1.293000031E2,5.879890919E0,6.844415188E0
4.228499709E2,6.501059665E1,2.547053250E1,1.893417807E1,2.779999971E0,1.256999969E2,6.191507339E0,6.953313828E0
4.238503723E2,6.501058006E1,2.547057900E1,1.809989802E1,2.769999981E0,1.239000015E2,5.551359177E0,6.480144501E0
4.248502806E2,6.501056751E1,2.547062779E1,1.729936903E1,2.559999943E0,1.160999985E2,5.082742214E0,5.858987331E0
